{
	"format_version": "1.12.0",
	"minecraft:geometry": [
		{
			"description": {
				"identifier": "geometry.pa_npc",
				"texture_width": 16,
				"texture_height": 16,
				"visible_bounds_width": 2,
				"visible_bounds_height": 2.5,
				"visible_bounds_offset": [0, 0.75, 0]
			},
			"bones": [
				{
					"name": "pantalla",
					"pivot": [0, 0, 0],
					"cubes": [
						{
							"origin": [-8, 8, -2],
							"size": [16, 16, 4],
							"uv": {
								"north": {"uv": [2.4246, 2.29575], "uv_size": [11.18594, 11.33821]},
								"east": {"uv": [0, 14.58272], "uv_size": [9.27672, 1.41728]},
								"south": {"uv": [2.4246, 2.29575], "uv_size": [11.18594, 11.33821]},
								"west": {"uv": [0, 14.32504], "uv_size": [8.78477, 1.67496]},
								"up": {"uv": [9.0776, 16], "uv_size": [-9.0776, -1.54612]},
								"down": {"uv": [9.15959, 16], "uv_size": [-9.15959, -1.46413]}
							}
						}
					]
				},
				{
					"name": "base",
					"pivot": [0, 0, 0],
					"cubes": [
						{
							"origin": [-2, 0, -2],
							"size": [4, 8, 4],
							"uv": {
								"north": {"uv": [0, 14.27818], "uv_size": [4.00586, 1.72182]},
								"east": {"uv": [0, 14.27818], "uv_size": [4.00586, 1.72182]},
								"south": {"uv": [0, 14.27818], "uv_size": [4.00586, 1.72182]},
								"west": {"uv": [0, 14.27818], "uv_size": [4.00586, 1.72182]},
								"up": {"uv": [4.00586, 16], "uv_size": [-4.00586, -1.72182]},
								"down": {"uv": [4.00586, 16], "uv_size": [-4.00586, -1.72182]}
							}
						}
					]
				},
				{
					"name": "pantalla2",
					"pivot": [0, 16, 0],
					"cubes": [
						{
							"origin": [-8, 8, -1],
							"size": [16, 16, 2],
							"uv": {
								"north": {"uv": [2.4246, 2.29575], "uv_size": [11.18594, 11.33821]},
								"east": {"uv": [0, 14.58272], "uv_size": [9.27672, 1.41728]},
								"south": {"uv": [2.4246, 2.29575], "uv_size": [11.18594, 11.33821]},
								"west": {"uv": [0, 14.32504], "uv_size": [8.78477, 1.67496]},
								"up": {"uv": [9.0776, 16], "uv_size": [-9.0776, -1.54612]},
								"down": {"uv": [9.15959, 16], "uv_size": [-9.15959, -1.46413]}
							}
						}
					]
				}
			]
		}
	]
}